<?xml version="1.0" encoding="UTF-8"?>
<!DOCTYPE mapper PUBLIC "-//mybatis.org//DTD Mapper 3.0//EN" "http://mybatis.org/dtd/mybatis-3-mapper.dtd">

<mapper namespace="com.tu.myfavorite.dao.MyfavoriteMapper">
	
	<resultMap type="com.tu.myfavorite.vo.MyfavoriteVO" id="myfavoriteVO">
		<result property="mylocation" column="MYLOCATION"/>
		<result property="mytitle" column="MYTITLE"/>
		<result property="mylink" column="MYLINK"/>
		<result property="myid" column="MYID"/>
	</resultMap>
	
	
	
	<select id="selectmyfavorite" parameterType="java.lang.String" resultMap="myfavoriteVO">
		<!-- Mapper - selectDepartment -->
			SELECT MYLOCATION
					,MYTITLE
					,MYLINK
			FROM TUMYFAV
			WHERE MYID =#{myid}
			ORDER BY MYNO
	</select>
	
</mapper>