<?xml version="1.0" encoding="UTF-8"?>
<beans xmlns="http://www.springframework.org/schema/beans"
		xmlns:xsi="http://www.w3.org/2001/XMLSchema-instance"
		xmlns:context="http://www.springframework.org/schema/context"
		xmlns:tx="http://www.springframework.org/schema/tx"
		xsi:schemaLocation="http://www.springframework.org/schema/beans
		http://www.springframework.org/schema/beans/spring-beans.xsd
		http://www.springframework.org/schema/tx
		http://www.springframework.org/schema/tx/spring-tx.xsd
		http://www.springframework.org/schema/context
		http://www.springframework.org/schema/context/spring-context.xsd">
		
		<!-- DB Connection -->
		
		<!-- DataSource -->
		<bean id="dataSource" class="org.springframework.jndi.JndiObjectFactoryBean">
			<property name="jndiName" value="java:comp/env/jdbc/Oracle11g"/>
		</bean>
		
		<!--  MyBatis Setting -->
		<bean id="sqlSessionFactory" class="org.mybatis.spring.SqlSessionFactoryBean">
			<property name="dataSource" ref="dataSource"/>
			<property name="mapperLocations" value="classpath:mybatis/query/*.xml"/>		
		</bean>
		
		<!-- a PlatformTransactionManager is still required -->
		<bean id="transactionManager"
			class="org.springframework.jdbc.datasource.DataSourceTransactionManager">
				<property name="dataSource" ref="dataSource"/>	
		</bean>
		
		<bean class="org.mybatis.spring.mapper.MapperScannerConfigurer">
			<property name="basePackage"><value>com.tu.**.dao</value></property>
		</bean>
</beans>