<?xml version="1.0" encoding="UTF-8"?>
<!DOCTYPE mapper PUBLIC "-//mybatis.org//DTD Mapper 3.0//EN" "http://mybatis.org/dtd/mybatis-3-mapper.dtd">

<mapper namespace="com.tu.myfavorite.dao.MyfavoriteMapper">
	
	<resultMap type="com.tu.myfavorite.vo.MyfavoriteVO" id="myfavoriteVO">
		<result property="deptid" column="Dept_Id"/>
		<result property="deptname" column="Dept_Name"/>
		<result property="depttel" column="Dept_Tel"/>
	</resultMap>
	
	<select id = "listDepartment" parameterType="com.tu.myfavorite.vo.MyfavoriteVO" resultMap="myfavoriteVO">
	<!-- Mapper - listDepartment -->
				SELECT DEPT_ID
					,DEPT_NAME
					,DEPT_TEL
				FROM
					DEPARTMENT
				<where>
					<if test="deptname != null and deptname != ''">
						DEPT_NAME LIKE '%' || #{deptname} || '%'
					</if>
					
				</where>
				ORDER BY DEPT_ID
	
	</select>
	
	<select id="selectDepartment" parameterType="java.lang.String" resultMap="myfavoriteVO">
		<!-- Mapper - selectDepartment -->
			SELECT DEPT_ID
				,DEPT_NAME
				,DEPT_TEL
			FROM DEPARTMENT
			WHERE DEPT_ID =#{deptid}
			ORDER BY DEPT_ID
	</select>
	
	<insert id="insertDepartment" parameterType="com.tu.myfavorite.vo.MyfavoriteVO">
	<!-- Mapper	- insertDepartment -->
	INSERT INTO DEPARTMENT
				(DEPT_ID, DEPT_NAME, DEPT_TEL)
				VALUES
				(#{deptid},#{deptname},#{depttel})
	</insert>
	
	
	<update id="updateDepartment" parameterType="com.tu.myfavorite.vo.MyfavoriteVO">
			<!--   Mapper - updateDepartment -->
				UPDATE DEPARTMENT
				SET  DEPT_NAME = #{deptname},
					 DEPT_TEL  = #{depttel}
				WHERE DEPT_ID  = #{deptid}	 
	</update>
	
	<delete id="deleteDepartment" parameterType="com.tu.myfavorite.vo.MyfavoriteVO">
		<!-- Mapper - deleteDepartment -->
		DELETE FROM DEPARTMENT WHERE DEPT_ID = #{deptid}
	</delete>
</mapper>