<?xml version="1.0" encoding="UTF-8"?>
<!DOCTYPE mapper PUBLIC "-//mybatis.org//DTD Mapper 3.0//EN" "http://mybatis.org/dtd/mybatis-3-mapper.dtd">
<mapper namespace="com.tu.restaurant.dao.RestaurantMapper">
	<resultMap type="com.tu.restaurant.vo.RestaurantVO" id="restaurantVO">
		<result property="no" column ="NO"/>
		<result property="lnum" column = "L_NUM"/>
		<result property="lname" column="L_NAME"/>
	</resultMap>
	
	<select id="listLesson" parameterType="com.tu.restaurant.vo.RestaurantVO" resultMap="restaurantVO">
	/* Mapper - listLesson */
		SELECT
				NO,
				L_NUM,
				L_NAME
		FROM
				LESSON
		<where>
			<if test="lname != null and lname != ''">
				L_NAME LIKE '%' || #{lname}||'%'
			</if>
			AND DELETEYN='Y'
			</where>
			ORDER BY NO DESC
		
	</select>
	
	<select id="selectLesson" parameterType="int" resultMap="restaurantVO">
	/*Mapper - selectLesson */
			SELECT
					NO,
					L_NUM,
					L_NAME
			FROM
					LESSON
			WHERE
					NO = #{no}
					AND
					DELETEYN='Y'
	</select>
	
	<insert id="insertLesson" parameterType="com.tu.restaurant.vo.restaurantVO">
	/*Mapper - insertLesson */
	<selectKey keyProperty="no" resultType="int" order="BEFORE">
			select lesson_seq.nextval from dual
	</selectKey>
			INSERT INTO LESSON
			(NO, L_NUM, L_NAME,DELETEYN)
		VALUES
			(#{no},#{lnum},#{lname},'Y')
	</insert>
	
	
	<update id="updateLesson" parameterType="com.tu.restaurant.vo.restaurantVO">
	/* Mapper - updateLesson */
	UPDATE
			LESSON
	SET
			L_NUM = #{lnum},
			L_NAME = #{lname}
	WHERE 	NO	=	#{no}
			AND
			DELETEYN = 'Y'	
	</update>
	
	<delete id="deleteLesson" parameterType="int">
		/*Mapper - deleteLesson */
		UPDATE
			LESSON
		SET
			DELETEYN='N'
		WHERE
			NO = #{no}
			AND
			DELETEYN='Y'
	</delete>
	
</mapper>