<?xml version="1.0" encoding="UTF-8"?>
<!DOCTYPE mapper PUBLIC "-//mybatis.org//DTD Mapper 3.0//EN" "http://mybatis.org/dtd/mybatis-3-mapper.dtd">
<mapper namespace="com.tu.restaurantboard.dao.RestaurantBoardMapper">
	<resultMap type="com.tu.restaurantBoard.vo.TurbboardVO" id="turbboardVO">
		<result property="rbno" column ="RBNO"/>
		<result property="rbtitle" column = "RBTITLE"/>
		<result property="rbcontent" column="RBCONTENT"/>
		<result property="rbinsertdate" column="RBINSERTDATE"/>
	</resultMap>
	
	<select id="listrestaurantBoard" parameterType="com.tu.restaurantboard.vo.TurbboardVO" resultMap="turbboardVO">
	/* Mapper - listRestaurantBoard */
		SELECT
				RBNO,
				RBTITLE,
				RBCONTENT,
				RBINSERTDATE
		FROM
				TURBBAORD
		
		
	</select>
	

	
</mapper>