<?xml version="1.0" encoding="UTF-8"?>
<!DOCTYPE mapper PUBLIC "-//mybatis.org//DTD Mapper 3.0//EN"
		 	"http://mybatis.org/dtd/mybatis-3-mapper.dtd">
<mapper namespace="com.tu.lp.dao.LoginMapper">
	<resultMap type="com.tu.lp.vo.LoginVO" id="loginVO">
		<result property="mno" column="MNO"/>
		<result property="mid" column="MID"/>
		<result property="mpw" column="MPW"/>
		<result property="mupdatedate" column="MUPDATEDATE"/>
		<result property="mdeleteyn" column="MDELETEYN"/>
		<result property="mdeletedate" column="MDELETEDATE"/>
	</resultMap>
	 
	
	
	<select id="login" parameterType="com.tu.lp.vo.LoginVO" resultMap="loginVO">
		/* Mapper - login */
			SELECT MID
				,MPW
			FROM TUMEM1
			WHERE
				MID=#{mid}
			AND
				MPW=#{mpw}
	</select>
	
	
</mapper>			