<?xml version="1.0" encoding="UTF-8"?>
<!DOCTYPE mapper PUBLIC "-//mybatis.org//DTD Mapper 3.0//EN"
		 	"http://mybatis.org/dtd/mybatis-3-mapper.dtd">
<mapper namespace="com.tu.mypage.dao.MypageMapper">
	<resultMap type="com.tu.mem.vo.MemberVO" id="memberVO">
		<result property="mno" column="MNO"/>
		<result property="mid" column="MID"/>
		<result property="mpw" column="MPW"/>
		<result property="mname" column="MNAME"/>
		<result property="mnick" column="MNICK"/>
		<result property="mgender" column="MGENDER"/>
		<result property="mhp" column="MHP"/>
		<result property="memail" column="MEMAIL"/>
		<result property="mbirth" column="MBIRTH"/>
		<result property="mdeleteyn" column="MDELETEYN"/>
		<result property="minsertdate" column="MINSERTDATE"/>
		<result property="mupdatedate" column="MUPDATEDATE"/>
		<result property="mdeletedate" column="MDELETEDATE"/>
		<result property="mprofile" column="MPROFILE"/>
		<result property="mgrade" column="MGRADE"/>
		<result property="snsid" column="SNSID"/>
		<result property="snsage" column="SNSAGE"/>
		<result property="snsbirth" column="SNSBIRTH"/>
		<result property="snsconnectdate" column="SNSCONNECTDATE"/>
		<result property="mrecordinsertdate" column="MRECORDINSERTDATE"/>
		<result property="mrecordupdatedate" column="MRECORDUPDATEDATE"/>
	</resultMap>
	
	<select id="memberInfo" parameterType="com.tu.mem.vo.MemberVO" resultMap="memberVO">
		/*Mapper memberInfo*/
		
		SELECT
				MNICK,
				MHP,
				MINSERTDATE
		FROM
				TUMEM
		WHERE
				1=1
		AND
				MNO=#{MNO}


		
		
	</select>
	
	<update id="memberInfoUpdate" parameterType="com.tu.mem.vo.MemberVO">
	/*Mapper memberInfoUpdate*/

	UPDATE
			TUMEM
	SET
			MPROFILE=#{MPROFILE},
			MNICK=#{MNICK},
			MHP=#{MHP},
			MPW=#{MPW}

	WHERE
			MNO=#{MNO}

	</update>
	
</mapper>