<?xml version="1.0" encoding="UTF-8"?>
<!DOCTYPE mapper PUBLIC "-//mybatis.org//DTD Mapper 3.0//EN" "http://mybatis.org/dtd/mybatis-3-mapper.dtd">

<mapper namespace="com.tu.myfavorite.dao.MyfavoriteMapper">
	
	<resultMap type="com.tu.myfavorite.vo.MyfavoriteVO" id="myfavoriteVO">
		<result property="mylocation" column="MYLOCATION"/>
		<result property="mytitle" column="MYTITLE"/>
		<result property="mylink" column="MYLINK"/>
		<result property="myid" column="MYID"/>
	</resultMap>
	
	<select id = "listMyfavorite" parameterType="com.tu.myfavorite.vo.MyfavoriteVO" resultMap="myfavoriteVO">
	<!-- Mapper - listDepartment -->
				SELECT
					 MYLOCATION
					,MYTITLE
					,MYLINK
				FROM
					TUMYFAV
				<where>
					<if test="mytitle != null and mytitle != ''">
						DEPT_NAME LIKE '%' || #{mytitle} || '%'
					</if>
					
				</where>
				ORDER BY MYNO
	
	</select>
	
	<select id="selectDepartment" parameterType="java.lang.String" resultMap="myfavoriteVO">
		<!-- Mapper - selectDepartment -->
			SELECT MYLOCATION
					,MYTITLE
					,MYLINK
			FROM TUMYFAV
			WHERE MYID =#{myid}
			ORDER BY MYNO
	</select>
	
	<insert id="insertDepartment" parameterType="com.tu.myfavorite.vo.MyfavoriteVO">
	<!-- Mapper	- insertDepartment -->
	INSERT INTO TUMYFAV
				(MYNO, MYTITLE, MYID,MYGRADE, MYLOCATION, MYLINK,INSERTDATE,MNO, MYRECODEINSERTDATE, MYRECODEUPDATEDATE)
				VALUES
				(#{deptid},#{deptname},#{depttel})
	</insert>
	
	
	<update id="updateDepartment" parameterType="com.tu.myfavorite.vo.MyfavoriteVO">
			<!--   Mapper - updateDepartment -->
				UPDATE DEPARTMENT
				SET  DEPT_NAME = #{deptname},
					 DEPT_TEL  = #{depttel}
				WHERE DEPT_ID  = #{deptid}	 
	</update>
	
	<delete id="deleteDepartment" parameterType="com.tu.myfavorite.vo.MyfavoriteVO">
		<!-- Mapper - deleteDepartment -->
		DELETE FROM DEPARTMENT WHERE DEPT_ID = #{deptid}
	</delete>
</mapper>