<?xml version="1.0" encoding="UTF-8"?>
<!DOCTYPE mapper PUBLIC "-//mybatis.org//DTD Mapper 3.0//EN" "http://mybatis.org/dtd/mybatis-3-mapper.dtd">
<mapper namespace="com.tu.restaurant.dao.RestaurantMapper">
	<resultMap type="com.tu.restaurant.vo.TurtcommVO" id="turtcommVO">
		<result property="rtnick" column ="RTNICK"/>
		<result property="rtprofile" column = "RTPROFILE"/>
		<result property="rtcontent" column="RTCONTENT"/>
		<result property="rtinsertdate" column="RTINSERTDATE"/>
	</resultMap>
	
	<select id="listRestaurant" parameterType="com.tu.restaurant.vo.TurtcommVO" resultMap="turtcommVO">
	/* Mapper - listRestaurant */
		SELECT
				RTNICK,
				RTPROFILE,
				RTCONTENT,
				RTINSERTDATE
		FROM
				TURTCOMM
		<where>
			<if test="rtnick != null and rtnick != ''">
				L_NAME LIKE '%' || #{rtnick}||'%'
			</if>
			AND DELETEYN='Y'
			</where>
			ORDER BY NO DESC
		
	</select>
	
	<select id="selectRestaurant" parameterType="int" resultMap="turtcommVO">
	/*Mapper - selectRestaurant */
			SELECT
					RTNICK,
				RTPROFILE,
				RTCONTENT,
				RTINSERTDATE
			FROM
					TURTCOMM
			WHERE
					RTNICK = #{rtnick}
					AND
					DELETEYN='Y'
	</select>
	
	<insert id="insertrestaurant" parameterType="com.tu.restaurant.vo.restaurantVO">
	/*Mapper - insertRestaurant */
	<selectKey keyProperty="no" resultType="int" order="BEFORE">
			select lesson_seq.nextval from dual
	</selectKey>
			INSERT INTO TURTCOMM
			(NO, L_NUM, L_NAME,DELETEYN)
		VALUES
			(#{rtnick},#{rtprofile},#{rtcontent},#{rtinsertdate},'Y')
	</insert>
	
	
	<update id="updaterestaurant" parameterType="com.tu.restaurant.vo.restaurantVO">
	/* Mapper - updateRestaurant */
	UPDATE
			LESSON
	SET
			L_NUM = #{lnum},
			L_NAME = #{lname}
	WHERE 	NO	=	#{no}
			AND
			DELETEYN = 'Y'	
	</update>
	
	<delete id="deleterestaurant" parameterType="int">
		/*Mapper - deleteRestaurant */
		UPDATE
			LESSON
		SET
			DELETEYN='N'
		WHERE
			NO = #{no}
			AND
			DELETEYN='Y'
	</delete>
	
</mapper>